{"cameraMode":{"drawMode":0,"name":"Shaded","section":"Shading Mode"},"sceneLighting":false,"audioPlay":false,"sceneViewState":{"m_AlwaysRefresh":false,"showFog":true,"showSkybox":false,"showFlares":true,"showImageEffects":true,"showParticleSystems":true,"showVisualEffectGraphs":true,"m_FxEnabled":true},"in2DMode":false,"pivot":{"x":1.243196964263916,"y":3.000993251800537,"z":-13.732999801635743},"rotation":{"x":-0.007468010764569044,"y":0.9923750162124634,"z":-0.07756351679563523,"w":-0.09555387496948242},"size":0.4330126941204071,"orthographic":false}