{"cameraMode":{"drawMode":0,"name":"Shaded","section":"Shading Mode"},"sceneLighting":false,"audioPlay":false,"sceneViewState":{"m_AlwaysRefresh":false,"showFog":true,"showSkybox":false,"showFlares":true,"showImageEffects":true,"showParticleSystems":true,"showVisualEffectGraphs":true,"m_FxEnabled":true},"in2DMode":false,"pivot":{"x":-1.4146487712860108,"y":0.5125888586044312,"z":0.3803446292877197},"rotation":{"x":-0.01076397206634283,"y":0.4419495761394501,"z":-0.005303801503032446,"w":-0.8969613313674927},"size":2.370227336883545,"orthographic":false}